identity	archive	area	block	frame	width	height	x	y	aspect_ratio	animated	delay	animation_group	animation_frame_count	lifecycle	runtime_name	review_status	lifecycle_status	stage_status	runtime_path	candidate_sha256
BIGPIC1.DAX:121:000	BIGPIC1.DAX	1	121	0	304	120	0	0	38:15	False		BIGPIC1.DAX:121	1	bigpic_until_outer_frame	BIGPIC1_block_121_frame_000.png	approved	verified	integrated	integrated/BIGPIC1_block_121_frame_000.png	f5dc6f1fd1469d871f933052b208743beb69b994e3cb260d0748ac1bb6a32b38
BIGPIC1.DAX:123:000	BIGPIC1.DAX	1	123	0	304	120	0	0	38:15	False		BIGPIC1.DAX:123	1	bigpic_until_outer_frame	BIGPIC1_block_123_frame_000.png	approved	verified	integrated	integrated/BIGPIC1_block_123_frame_000.png	2ccbbe07c3d54d9599aab1e1f307893ecd375443f5ba72bb597b0e132b22f85d
BIGPIC2.DAX:120:000	BIGPIC2.DAX	2	120	0	304	120	0	0	38:15	False		BIGPIC2.DAX:120	1	bigpic_until_outer_frame	BIGPIC2_block_120_frame_000.png	approved	verified	integrated	integrated/BIGPIC2_block_120_frame_000.png	25afa5a90a3c17d8023c1d30b73bd526971539dcfde6b1f3f73d27aa721c6fb6
BIGPIC6.DAX:122:000	BIGPIC6.DAX	6	122	0	304	120	0	0	38:15	False		BIGPIC6.DAX:122	1	bigpic_until_outer_frame	BIGPIC6_block_122_frame_000.png	approved	verified	integrated	integrated/BIGPIC6_block_122_frame_000.png	3ba9b3d324ae7cf5e478b9f1ac1fec0ecf63f9aa16eb0a78335f2d1fccb89008
BODY2.DAX:000:000	BODY2.DAX	2	0	0	88	48	0	0	11:6	False		BODY2.DAX:000	1	portrait_body_until_portrait_or_panel_replace	BODY2_block_000_frame_000.png	rejected	pending	rejected		8f5440214f67d87b459e699dc20f92e5e340e0f733534faec74c40a20f16b88a
BODY2.DAX:001:000	BODY2.DAX	2	1	0	88	48	0	0	11:6	False		BODY2.DAX:001	1	portrait_body_until_portrait_or_panel_replace	BODY2_block_001_frame_000.png	rejected	pending	rejected		e9eccf13bb13040500af1392948bdddb486909b738f4260afdb7f899aefb4488
BODY2.DAX:002:000	BODY2.DAX	2	2	0	88	48	0	0	11:6	False		BODY2.DAX:002	1	portrait_body_until_portrait_or_panel_replace	BODY2_block_002_frame_000.png	missing	pending	missing		
BODY2.DAX:003:000	BODY2.DAX	2	3	0	88	48	0	0	11:6	False		BODY2.DAX:003	1	portrait_body_until_portrait_or_panel_replace	BODY2_block_003_frame_000.png	approved	verified	integrated	integrated/BODY2_block_003_frame_000.png	cb310cc6de59695e1803dae379a7e0ac7e8e5e59ed87e6f425419c5d5426cde9
BODY2.DAX:004:000	BODY2.DAX	2	4	0	88	48	0	0	11:6	False		BODY2.DAX:004	1	portrait_body_until_portrait_or_panel_replace	BODY2_block_004_frame_000.png	missing	pending	missing		
BODY2.DAX:005:000	BODY2.DAX	2	5	0	88	48	0	0	11:6	False		BODY2.DAX:005	1	portrait_body_until_portrait_or_panel_replace	BODY2_block_005_frame_000.png	missing	pending	missing		
BODY2.DAX:006:000	BODY2.DAX	2	6	0	88	48	0	0	11:6	False		BODY2.DAX:006	1	portrait_body_until_portrait_or_panel_replace	BODY2_block_006_frame_000.png	missing	pending	missing		
BODY2.DAX:065:000	BODY2.DAX	2	65	0	88	48	0	0	11:6	False		BODY2.DAX:065	1	portrait_body_until_portrait_or_panel_replace	BODY2_block_065_frame_000.png	missing	pending	missing		
BODY3.DAX:003:000	BODY3.DAX	3	3	0	88	48	0	0	11:6	False		BODY3.DAX:003	1	portrait_body_until_portrait_or_panel_replace	BODY3_block_003_frame_000.png	missing	pending	missing		
BODY3.DAX:016:000	BODY3.DAX	3	16	0	88	48	0	0	11:6	False		BODY3.DAX:016	1	portrait_body_until_portrait_or_panel_replace	BODY3_block_016_frame_000.png	missing	pending	missing		
BODY3.DAX:017:000	BODY3.DAX	3	17	0	88	48	0	0	11:6	False		BODY3.DAX:017	1	portrait_body_until_portrait_or_panel_replace	BODY3_block_017_frame_000.png	missing	pending	missing		
BODY3.DAX:018:000	BODY3.DAX	3	18	0	88	48	0	0	11:6	False		BODY3.DAX:018	1	portrait_body_until_portrait_or_panel_replace	BODY3_block_018_frame_000.png	missing	pending	missing		
BODY3.DAX:019:000	BODY3.DAX	3	19	0	88	48	0	0	11:6	False		BODY3.DAX:019	1	portrait_body_until_portrait_or_panel_replace	BODY3_block_019_frame_000.png	missing	pending	missing		
BODY3.DAX:022:000	BODY3.DAX	3	22	0	88	48	0	0	11:6	False		BODY3.DAX:022	1	portrait_body_until_portrait_or_panel_replace	BODY3_block_022_frame_000.png	missing	pending	missing		
BODY4.DAX:032:000	BODY4.DAX	4	32	0	88	48	0	0	11:6	False		BODY4.DAX:032	1	portrait_body_until_portrait_or_panel_replace	BODY4_block_032_frame_000.png	missing	pending	missing		
BODY4.DAX:033:000	BODY4.DAX	4	33	0	88	48	0	0	11:6	False		BODY4.DAX:033	1	portrait_body_until_portrait_or_panel_replace	BODY4_block_033_frame_000.png	missing	pending	missing		
BODY4.DAX:034:000	BODY4.DAX	4	34	0	88	48	0	0	11:6	False		BODY4.DAX:034	1	portrait_body_until_portrait_or_panel_replace	BODY4_block_034_frame_000.png	missing	pending	missing		
BODY4.DAX:035:000	BODY4.DAX	4	35	0	88	48	0	0	11:6	False		BODY4.DAX:035	1	portrait_body_until_portrait_or_panel_replace	BODY4_block_035_frame_000.png	missing	pending	missing		
BODY4.DAX:042:000	BODY4.DAX	4	42	0	88	48	0	0	11:6	False		BODY4.DAX:042	1	portrait_body_until_portrait_or_panel_replace	BODY4_block_042_frame_000.png	missing	pending	missing		
BODY4.DAX:049:000	BODY4.DAX	4	49	0	88	48	0	0	11:6	False		BODY4.DAX:049	1	portrait_body_until_portrait_or_panel_replace	BODY4_block_049_frame_000.png	missing	pending	missing		
BODY4.DAX:070:000	BODY4.DAX	4	70	0	88	48	0	0	11:6	False		BODY4.DAX:070	1	portrait_body_until_portrait_or_panel_replace	BODY4_block_070_frame_000.png	missing	pending	missing		
BODY5.DAX:003:000	BODY5.DAX	5	3	0	88	48	0	0	11:6	False		BODY5.DAX:003	1	portrait_body_until_portrait_or_panel_replace	BODY5_block_003_frame_000.png	missing	pending	missing		
BODY5.DAX:049:000	BODY5.DAX	5	49	0	88	48	0	0	11:6	False		BODY5.DAX:049	1	portrait_body_until_portrait_or_panel_replace	BODY5_block_049_frame_000.png	missing	pending	missing		
BODY5.DAX:050:000	BODY5.DAX	5	50	0	88	48	0	0	11:6	False		BODY5.DAX:050	1	portrait_body_until_portrait_or_panel_replace	BODY5_block_050_frame_000.png	missing	pending	missing		
BODY5.DAX:051:000	BODY5.DAX	5	51	0	88	48	0	0	11:6	False		BODY5.DAX:051	1	portrait_body_until_portrait_or_panel_replace	BODY5_block_051_frame_000.png	missing	pending	missing		
BODY5.DAX:058:000	BODY5.DAX	5	58	0	88	48	0	0	11:6	False		BODY5.DAX:058	1	portrait_body_until_portrait_or_panel_replace	BODY5_block_058_frame_000.png	missing	pending	missing		
BODY5.DAX:059:000	BODY5.DAX	5	59	0	88	48	0	0	11:6	False		BODY5.DAX:059	1	portrait_body_until_portrait_or_panel_replace	BODY5_block_059_frame_000.png	missing	pending	missing		
BODY6.DAX:016:000	BODY6.DAX	6	16	0	88	48	0	0	11:6	False		BODY6.DAX:016	1	portrait_body_until_portrait_or_panel_replace	BODY6_block_016_frame_000.png	missing	pending	missing		
BODY6.DAX:064:000	BODY6.DAX	6	64	0	88	48	0	0	11:6	False		BODY6.DAX:064	1	portrait_body_until_portrait_or_panel_replace	BODY6_block_064_frame_000.png	missing	pending	missing		
BODY6.DAX:065:000	BODY6.DAX	6	65	0	88	48	0	0	11:6	False		BODY6.DAX:065	1	portrait_body_until_portrait_or_panel_replace	BODY6_block_065_frame_000.png	missing	pending	missing		
BODY6.DAX:070:000	BODY6.DAX	6	70	0	88	48	0	0	11:6	False		BODY6.DAX:070	1	portrait_body_until_portrait_or_panel_replace	BODY6_block_070_frame_000.png	missing	pending	missing		
HEAD2.DAX:000:000	HEAD2.DAX	2	0	0	88	40	0	0	11:5	False		HEAD2.DAX:000	1	portrait_head_until_portrait_or_panel_replace	HEAD2_block_000_frame_000.png	missing	pending	missing		
HEAD2.DAX:001:000	HEAD2.DAX	2	1	0	88	40	0	0	11:5	False		HEAD2.DAX:001	1	portrait_head_until_portrait_or_panel_replace	HEAD2_block_001_frame_000.png	missing	pending	missing		
HEAD2.DAX:002:000	HEAD2.DAX	2	2	0	88	40	0	0	11:5	False		HEAD2.DAX:002	1	portrait_head_until_portrait_or_panel_replace	HEAD2_block_002_frame_000.png	missing	pending	missing		
HEAD2.DAX:003:000	HEAD2.DAX	2	3	0	88	40	0	0	11:5	False		HEAD2.DAX:003	1	portrait_head_until_portrait_or_panel_replace	HEAD2_block_003_frame_000.png	approved	verified	integrated	integrated/HEAD2_block_003_frame_000.png	edcc3dfdc9344c85cae884c87be7b792b9c26875b990ab36c7dc680ad642baa4
HEAD2.DAX:004:000	HEAD2.DAX	2	4	0	88	40	0	0	11:5	False		HEAD2.DAX:004	1	portrait_head_until_portrait_or_panel_replace	HEAD2_block_004_frame_000.png	missing	pending	missing		
HEAD2.DAX:005:000	HEAD2.DAX	2	5	0	88	40	0	0	11:5	False		HEAD2.DAX:005	1	portrait_head_until_portrait_or_panel_replace	HEAD2_block_005_frame_000.png	missing	pending	missing		
HEAD2.DAX:006:000	HEAD2.DAX	2	6	0	88	40	0	0	11:5	False		HEAD2.DAX:006	1	portrait_head_until_portrait_or_panel_replace	HEAD2_block_006_frame_000.png	missing	pending	missing		
HEAD2.DAX:008:000	HEAD2.DAX	2	8	0	88	40	0	0	11:5	False		HEAD2.DAX:008	1	portrait_head_until_portrait_or_panel_replace	HEAD2_block_008_frame_000.png	missing	pending	missing		
HEAD2.DAX:009:000	HEAD2.DAX	2	9	0	88	40	0	0	11:5	False		HEAD2.DAX:009	1	portrait_head_until_portrait_or_panel_replace	HEAD2_block_009_frame_000.png	missing	pending	missing		
HEAD2.DAX:065:000	HEAD2.DAX	2	65	0	88	40	0	0	11:5	False		HEAD2.DAX:065	1	portrait_head_until_portrait_or_panel_replace	HEAD2_block_065_frame_000.png	missing	pending	missing		
HEAD3.DAX:003:000	HEAD3.DAX	3	3	0	88	40	0	0	11:5	False		HEAD3.DAX:003	1	portrait_head_until_portrait_or_panel_replace	HEAD3_block_003_frame_000.png	missing	pending	missing		
HEAD3.DAX:016:000	HEAD3.DAX	3	16	0	88	40	0	0	11:5	False		HEAD3.DAX:016	1	portrait_head_until_portrait_or_panel_replace	HEAD3_block_016_frame_000.png	missing	pending	missing		
HEAD3.DAX:017:000	HEAD3.DAX	3	17	0	88	40	0	0	11:5	False		HEAD3.DAX:017	1	portrait_head_until_portrait_or_panel_replace	HEAD3_block_017_frame_000.png	missing	pending	missing		
HEAD3.DAX:018:000	HEAD3.DAX	3	18	0	88	40	0	0	11:5	False		HEAD3.DAX:018	1	portrait_head_until_portrait_or_panel_replace	HEAD3_block_018_frame_000.png	missing	pending	missing		
HEAD3.DAX:019:000	HEAD3.DAX	3	19	0	88	40	0	0	11:5	False		HEAD3.DAX:019	1	portrait_head_until_portrait_or_panel_replace	HEAD3_block_019_frame_000.png	missing	pending	missing		
HEAD3.DAX:020:000	HEAD3.DAX	3	20	0	88	40	0	0	11:5	False		HEAD3.DAX:020	1	portrait_head_until_portrait_or_panel_replace	HEAD3_block_020_frame_000.png	missing	pending	missing		
HEAD3.DAX:021:000	HEAD3.DAX	3	21	0	88	40	0	0	11:5	False		HEAD3.DAX:021	1	portrait_head_until_portrait_or_panel_replace	HEAD3_block_021_frame_000.png	missing	pending	missing		
HEAD3.DAX:022:000	HEAD3.DAX	3	22	0	88	40	0	0	11:5	False		HEAD3.DAX:022	1	portrait_head_until_portrait_or_panel_replace	HEAD3_block_022_frame_000.png	missing	pending	missing		
HEAD3.DAX:024:000	HEAD3.DAX	3	24	0	88	40	0	0	11:5	False		HEAD3.DAX:024	1	portrait_head_until_portrait_or_panel_replace	HEAD3_block_024_frame_000.png	missing	pending	missing		
HEAD4.DAX:032:000	HEAD4.DAX	4	32	0	88	40	0	0	11:5	False		HEAD4.DAX:032	1	portrait_head_until_portrait_or_panel_replace	HEAD4_block_032_frame_000.png	missing	pending	missing		
HEAD4.DAX:033:000	HEAD4.DAX	4	33	0	88	40	0	0	11:5	False		HEAD4.DAX:033	1	portrait_head_until_portrait_or_panel_replace	HEAD4_block_033_frame_000.png	missing	pending	missing		
HEAD4.DAX:034:000	HEAD4.DAX	4	34	0	88	40	0	0	11:5	False		HEAD4.DAX:034	1	portrait_head_until_portrait_or_panel_replace	HEAD4_block_034_frame_000.png	missing	pending	missing		
HEAD4.DAX:035:000	HEAD4.DAX	4	35	0	88	40	0	0	11:5	False		HEAD4.DAX:035	1	portrait_head_until_portrait_or_panel_replace	HEAD4_block_035_frame_000.png	missing	pending	missing		
HEAD4.DAX:036:000	HEAD4.DAX	4	36	0	88	40	0	0	11:5	False		HEAD4.DAX:036	1	portrait_head_until_portrait_or_panel_replace	HEAD4_block_036_frame_000.png	missing	pending	missing		
HEAD4.DAX:037:000	HEAD4.DAX	4	37	0	88	40	0	0	11:5	False		HEAD4.DAX:037	1	portrait_head_until_portrait_or_panel_replace	HEAD4_block_037_frame_000.png	missing	pending	missing		
HEAD4.DAX:038:000	HEAD4.DAX	4	38	0	88	40	0	0	11:5	False		HEAD4.DAX:038	1	portrait_head_until_portrait_or_panel_replace	HEAD4_block_038_frame_000.png	missing	pending	missing		
HEAD4.DAX:042:000	HEAD4.DAX	4	42	0	88	40	0	0	11:5	False		HEAD4.DAX:042	1	portrait_head_until_portrait_or_panel_replace	HEAD4_block_042_frame_000.png	missing	pending	missing		
HEAD4.DAX:049:000	HEAD4.DAX	4	49	0	88	40	0	0	11:5	False		HEAD4.DAX:049	1	portrait_head_until_portrait_or_panel_replace	HEAD4_block_049_frame_000.png	missing	pending	missing		
HEAD4.DAX:070:000	HEAD4.DAX	4	70	0	88	40	0	0	11:5	False		HEAD4.DAX:070	1	portrait_head_until_portrait_or_panel_replace	HEAD4_block_070_frame_000.png	missing	pending	missing		
HEAD5.DAX:003:000	HEAD5.DAX	5	3	0	88	40	0	0	11:5	False		HEAD5.DAX:003	1	portrait_head_until_portrait_or_panel_replace	HEAD5_block_003_frame_000.png	missing	pending	missing		
HEAD5.DAX:049:000	HEAD5.DAX	5	49	0	88	40	0	0	11:5	False		HEAD5.DAX:049	1	portrait_head_until_portrait_or_panel_replace	HEAD5_block_049_frame_000.png	missing	pending	missing		
HEAD5.DAX:050:000	HEAD5.DAX	5	50	0	88	40	0	0	11:5	False		HEAD5.DAX:050	1	portrait_head_until_portrait_or_panel_replace	HEAD5_block_050_frame_000.png	missing	pending	missing		
HEAD5.DAX:051:000	HEAD5.DAX	5	51	0	88	40	0	0	11:5	False		HEAD5.DAX:051	1	portrait_head_until_portrait_or_panel_replace	HEAD5_block_051_frame_000.png	missing	pending	missing		
HEAD5.DAX:058:000	HEAD5.DAX	5	58	0	88	40	0	0	11:5	False		HEAD5.DAX:058	1	portrait_head_until_portrait_or_panel_replace	HEAD5_block_058_frame_000.png	missing	pending	missing		
HEAD5.DAX:059:000	HEAD5.DAX	5	59	0	88	40	0	0	11:5	False		HEAD5.DAX:059	1	portrait_head_until_portrait_or_panel_replace	HEAD5_block_059_frame_000.png	missing	pending	missing		
HEAD6.DAX:020:000	HEAD6.DAX	6	20	0	88	40	0	0	11:5	False		HEAD6.DAX:020	1	portrait_head_until_portrait_or_panel_replace	HEAD6_block_020_frame_000.png	missing	pending	missing		
HEAD6.DAX:064:000	HEAD6.DAX	6	64	0	88	40	0	0	11:5	False		HEAD6.DAX:064	1	portrait_head_until_portrait_or_panel_replace	HEAD6_block_064_frame_000.png	missing	pending	missing		
HEAD6.DAX:065:000	HEAD6.DAX	6	65	0	88	40	0	0	11:5	False		HEAD6.DAX:065	1	portrait_head_until_portrait_or_panel_replace	HEAD6_block_065_frame_000.png	missing	pending	missing		
HEAD6.DAX:067:000	HEAD6.DAX	6	67	0	88	40	0	0	11:5	False		HEAD6.DAX:067	1	portrait_head_until_portrait_or_panel_replace	HEAD6_block_067_frame_000.png	missing	pending	missing		
HEAD6.DAX:070:000	HEAD6.DAX	6	70	0	88	40	0	0	11:5	False		HEAD6.DAX:070	1	portrait_head_until_portrait_or_panel_replace	HEAD6_block_070_frame_000.png	missing	pending	missing		
PIC1.DAX:001:000	PIC1.DAX	1	1	0	88	88	0	0	1:1	False	0	PIC1.DAX:001	1	normal_picture_until_panel_replace	PIC1_block_001_frame_000.png	approved	verified	integrated	integrated/PIC1_block_001_frame_000.png	8050a92e170319607694b89187e8366fb61cfff6c25b43d96eb39bc5a72e73c3
PIC1.DAX:029:000	PIC1.DAX	1	29	0	88	88	0	0	1:1	True	2	PIC1.DAX:029	4	normal_picture_until_panel_replace	PIC1_block_029_frame_000.png	approved	verified	integrated	integrated/PIC1_block_029_frame_000.png	5da96390a3848f0b17f9a8e0c61561c2b9f480433df74c853110959dd788b70c
PIC1.DAX:029:001	PIC1.DAX	1	29	1	88	88	0	0	1:1	True	2	PIC1.DAX:029	4	normal_picture_until_panel_replace	PIC1_block_029_frame_001.png	approved	verified	integrated	integrated/PIC1_block_029_frame_001.png	0f268e6fef6b846ecf9e25e5be088fcf4df56f6773b883216d072224ba517cc5
PIC1.DAX:029:002	PIC1.DAX	1	29	2	88	88	0	0	1:1	True	2	PIC1.DAX:029	4	normal_picture_until_panel_replace	PIC1_block_029_frame_002.png	approved	verified	integrated	integrated/PIC1_block_029_frame_002.png	bffc0a16a5378f94b5a631bfe92a6caf9d6572acc6988a6e608e5939e5638636
PIC1.DAX:029:003	PIC1.DAX	1	29	3	88	88	0	0	1:1	True	2	PIC1.DAX:029	4	normal_picture_until_panel_replace	PIC1_block_029_frame_003.png	approved	verified	integrated	integrated/PIC1_block_029_frame_003.png	424efff8f4b6e242a422a9ca64ca901e5d10a461d3abf32cfd51dd10fbb71fd6
PIC1.DAX:080:000	PIC1.DAX	1	80	0	88	88	0	0	1:1	False	0	PIC1.DAX:080	1	normal_picture_until_panel_replace	PIC1_block_080_frame_000.png	approved	verified	integrated	integrated/PIC1_block_080_frame_000.png	08f0f0e80f80bbb643ff94394bda0d7fbad30dfb6a14a39b105d527c8fba31d0
PIC2.DAX:001:000	PIC2.DAX	2	1	0	88	88	0	0	1:1	False	0	PIC2.DAX:001	1	normal_picture_until_panel_replace	PIC2_block_001_frame_000.png	approved	verified	integrated	integrated/PIC2_block_001_frame_000.png	8050a92e170319607694b89187e8366fb61cfff6c25b43d96eb39bc5a72e73c3
PIC2.DAX:007:000	PIC2.DAX	2	7	0	88	88	0	0	1:1	True	13	PIC2.DAX:007	8	normal_picture_until_panel_replace	PIC2_block_007_frame_000.png	approved	verified	integrated	integrated/PIC2_block_007_frame_000.png	74f83bc165641525c5ab252c14f9770b99403fc5e1edb4b0d573bac8c35abe2d
PIC2.DAX:007:001	PIC2.DAX	2	7	1	88	88	0	0	1:1	True	0	PIC2.DAX:007	8	normal_picture_until_panel_replace	PIC2_block_007_frame_001.png	approved	verified	integrated	integrated/PIC2_block_007_frame_001.png	082108c7b1bdeb5646fe644a97193ab4bc97f7dde75bbcb22233cbf9978a8e23
PIC2.DAX:007:002	PIC2.DAX	2	7	2	88	88	0	0	1:1	True	0	PIC2.DAX:007	8	normal_picture_until_panel_replace	PIC2_block_007_frame_002.png	approved	verified	integrated	integrated/PIC2_block_007_frame_002.png	4c5dcce98a5a4f286199c69119c74b5e9860e7e9b71d99f646541b7b9e979b05
PIC2.DAX:007:003	PIC2.DAX	2	7	3	88	88	0	0	1:1	True	0	PIC2.DAX:007	8	normal_picture_until_panel_replace	PIC2_block_007_frame_003.png	approved	verified	integrated	integrated/PIC2_block_007_frame_003.png	8c6a5e148d7a363424a14f9cd86bc4c7d9e6d45eb91ca28d10bd4ebbbcc27e7b
PIC2.DAX:007:004	PIC2.DAX	2	7	4	88	88	0	0	1:1	True	5	PIC2.DAX:007	8	normal_picture_until_panel_replace	PIC2_block_007_frame_004.png	approved	verified	integrated	integrated/PIC2_block_007_frame_004.png	42ca779beaa7970fad0130559b012cc73f356c4fde477e7c8058b93b37f5977f
PIC2.DAX:007:005	PIC2.DAX	2	7	5	88	88	0	0	1:1	True	1	PIC2.DAX:007	8	normal_picture_until_panel_replace	PIC2_block_007_frame_005.png	approved	verified	integrated	integrated/PIC2_block_007_frame_005.png	48a7e5bd6185f2fddea46b05ee4486a710b530a5e6f595ccaf898baee1cfafda
PIC2.DAX:007:006	PIC2.DAX	2	7	6	88	88	0	0	1:1	True	1	PIC2.DAX:007	8	normal_picture_until_panel_replace	PIC2_block_007_frame_006.png	approved	verified	integrated	integrated/PIC2_block_007_frame_006.png	39c9d40abfe9acaacd4051a278899f3e88755f3d8c16646c51b0b0a992c1f846
PIC2.DAX:007:007	PIC2.DAX	2	7	7	88	88	0	0	1:1	True	2	PIC2.DAX:007	8	normal_picture_until_panel_replace	PIC2_block_007_frame_007.png	approved	verified	integrated	integrated/PIC2_block_007_frame_007.png	bd366b523d9663c79f647ba744f3d93970bcdb6ae35642abce811f1d1211fa8f
PIC2.DAX:009:000	PIC2.DAX	2	9	0	88	88	0	0	1:1	True	2	PIC2.DAX:009	5	normal_picture_until_panel_replace	PIC2_block_009_frame_000.png	approved	verified	integrated	integrated/PIC2_block_009_frame_000.png	617c74c37211a48ba36d5dcd4dd7739ccd65694f664ae187ec71828c4df7d2d0
PIC2.DAX:009:001	PIC2.DAX	2	9	1	88	88	0	0	1:1	True	2	PIC2.DAX:009	5	normal_picture_until_panel_replace	PIC2_block_009_frame_001.png	approved	verified	integrated	integrated/PIC2_block_009_frame_001.png	94a809ddbe22fd908bd286bac5dd30cbf34e40974190c50cbbf9a927f435d52d
PIC2.DAX:009:002	PIC2.DAX	2	9	2	88	88	0	0	1:1	True	2	PIC2.DAX:009	5	normal_picture_until_panel_replace	PIC2_block_009_frame_002.png	approved	verified	integrated	integrated/PIC2_block_009_frame_002.png	905441faa1258e8617f46af1df6a07f3f0e82102c6ab2b30d9c924bf448f66a7
PIC2.DAX:009:003	PIC2.DAX	2	9	3	88	88	0	0	1:1	True	2	PIC2.DAX:009	5	normal_picture_until_panel_replace	PIC2_block_009_frame_003.png	approved	verified	integrated	integrated/PIC2_block_009_frame_003.png	4c0164c8f3c9e23c55f512425768e23bf5515d4d6d1a33a623b78a3693cda757
PIC2.DAX:009:004	PIC2.DAX	2	9	4	88	88	0	0	1:1	True	2	PIC2.DAX:009	5	normal_picture_until_panel_replace	PIC2_block_009_frame_004.png	approved	verified	integrated	integrated/PIC2_block_009_frame_004.png	b37ce3d988200c65f3c438cc0a742233b154f7a2e43cc2213009852ab3dd014e
PIC2.DAX:010:000	PIC2.DAX	2	10	0	88	88	0	0	1:1	True	2	PIC2.DAX:010	3	normal_picture_until_panel_replace	PIC2_block_010_frame_000.png	approved	verified	integrated	integrated/PIC2_block_010_frame_000.png	68513232715cb954303c665ccfd170c63d9c59a5a8a0798f76dab2aee128eec1
PIC2.DAX:010:001	PIC2.DAX	2	10	1	88	88	0	0	1:1	True	2	PIC2.DAX:010	3	normal_picture_until_panel_replace	PIC2_block_010_frame_001.png	approved	verified	integrated	integrated/PIC2_block_010_frame_001.png	47f0f77d6348818f77b4740f187a5dfb3529af650a525852cd48ec4d785449de
PIC2.DAX:010:002	PIC2.DAX	2	10	2	88	88	0	0	1:1	True	2	PIC2.DAX:010	3	normal_picture_until_panel_replace	PIC2_block_010_frame_002.png	approved	verified	integrated	integrated/PIC2_block_010_frame_002.png	64c6f950b542719f2b26b55a8ae4c8c6f7bcad999bb5bc8cba7ad5cd050fccb5
PIC2.DAX:011:000	PIC2.DAX	2	11	0	88	88	0	0	1:1	False	0	PIC2.DAX:011	1	normal_picture_until_panel_replace	PIC2_block_011_frame_000.png	approved	verified	integrated	integrated/PIC2_block_011_frame_000.png	5d1d4e97157331b4dda7e22edf0e13f733ebaf9077aaff66b919d2395c7fcfac
PIC2.DAX:012:000	PIC2.DAX	2	12	0	88	88	0	0	1:1	False	0	PIC2.DAX:012	1	normal_picture_until_panel_replace	PIC2_block_012_frame_000.png	approved	verified	integrated	integrated/PIC2_block_012_frame_000.png	50530fc284d2a049ec6c9d88cb55588f48c37580cb0211996742ee62e881bfe4
PIC2.DAX:013:000	PIC2.DAX	2	13	0	88	88	0	0	1:1	False	0	PIC2.DAX:013	1	normal_picture_until_panel_replace	PIC2_block_013_frame_000.png	approved	verified	integrated	integrated/PIC2_block_013_frame_000.png	6fec79c9f5539cf3795af4d4899c15b4c4f258a1f7f7300de84f017092446053
PIC2.DAX:014:000	PIC2.DAX	2	14	0	88	88	0	0	1:1	False	0	PIC2.DAX:014	1	normal_picture_until_panel_replace	PIC2_block_014_frame_000.png	approved	verified	integrated	integrated/PIC2_block_014_frame_000.png	c48852bf887c4098dfbb2cdc8beac868394f73b6ef8f29a2fa29cc7d773e4409
PIC2.DAX:029:000	PIC2.DAX	2	29	0	88	88	0	0	1:1	True	2	PIC2.DAX:029	4	normal_picture_until_panel_replace	PIC2_block_029_frame_000.png	approved	verified	integrated	integrated/PIC2_block_029_frame_000.png	5da96390a3848f0b17f9a8e0c61561c2b9f480433df74c853110959dd788b70c
PIC2.DAX:029:001	PIC2.DAX	2	29	1	88	88	0	0	1:1	True	2	PIC2.DAX:029	4	normal_picture_until_panel_replace	PIC2_block_029_frame_001.png	approved	verified	integrated	integrated/PIC2_block_029_frame_001.png	0f268e6fef6b846ecf9e25e5be088fcf4df56f6773b883216d072224ba517cc5
PIC2.DAX:029:002	PIC2.DAX	2	29	2	88	88	0	0	1:1	True	2	PIC2.DAX:029	4	normal_picture_until_panel_replace	PIC2_block_029_frame_002.png	approved	verified	integrated	integrated/PIC2_block_029_frame_002.png	bffc0a16a5378f94b5a631bfe92a6caf9d6572acc6988a6e608e5939e5638636
PIC2.DAX:029:003	PIC2.DAX	2	29	3	88	88	0	0	1:1	True	2	PIC2.DAX:029	4	normal_picture_until_panel_replace	PIC2_block_029_frame_003.png	approved	verified	integrated	integrated/PIC2_block_029_frame_003.png	424efff8f4b6e242a422a9ca64ca901e5d10a461d3abf32cfd51dd10fbb71fd6
PIC3.DAX:001:000	PIC3.DAX	3	1	0	88	88	0	0	1:1	False	0	PIC3.DAX:001	1	normal_picture_until_panel_replace	PIC3_block_001_frame_000.png	approved	verified	integrated	integrated/PIC3_block_001_frame_000.png	8050a92e170319607694b89187e8366fb61cfff6c25b43d96eb39bc5a72e73c3
PIC3.DAX:016:000	PIC3.DAX	3	16	0	88	88	0	0	1:1	False	0	PIC3.DAX:016	1	normal_picture_until_panel_replace	PIC3_block_016_frame_000.png	missing	pending	missing		
PIC3.DAX:017:000	PIC3.DAX	3	17	0	88	88	0	0	1:1	False	4	PIC3.DAX:017	1	normal_picture_until_panel_replace	PIC3_block_017_frame_000.png	missing	pending	missing		
PIC3.DAX:018:000	PIC3.DAX	3	18	0	88	88	0	0	1:1	False	0	PIC3.DAX:018	1	normal_picture_until_panel_replace	PIC3_block_018_frame_000.png	missing	pending	missing		
PIC3.DAX:019:000	PIC3.DAX	3	19	0	88	88	0	0	1:1	False	0	PIC3.DAX:019	1	normal_picture_until_panel_replace	PIC3_block_019_frame_000.png	missing	pending	missing		
PIC3.DAX:025:000	PIC3.DAX	3	25	0	88	88	0	0	1:1	False	0	PIC3.DAX:025	1	normal_picture_until_panel_replace	PIC3_block_025_frame_000.png	missing	pending	missing		
PIC3.DAX:027:000	PIC3.DAX	3	27	0	88	88	0	0	1:1	True	8	PIC3.DAX:027	4	normal_picture_until_panel_replace	PIC3_block_027_frame_000.png	missing	pending	missing		
PIC3.DAX:027:001	PIC3.DAX	3	27	1	88	88	0	0	1:1	True	1	PIC3.DAX:027	4	normal_picture_until_panel_replace	PIC3_block_027_frame_001.png	missing	pending	missing		
PIC3.DAX:027:002	PIC3.DAX	3	27	2	88	88	0	0	1:1	True	15	PIC3.DAX:027	4	normal_picture_until_panel_replace	PIC3_block_027_frame_002.png	missing	pending	missing		
PIC3.DAX:027:003	PIC3.DAX	3	27	3	88	88	0	0	1:1	True	0	PIC3.DAX:027	4	normal_picture_until_panel_replace	PIC3_block_027_frame_003.png	missing	pending	missing		
PIC3.DAX:029:000	PIC3.DAX	3	29	0	88	88	0	0	1:1	True	2	PIC3.DAX:029	4	normal_picture_until_panel_replace	PIC3_block_029_frame_000.png	approved	verified	integrated	integrated/PIC3_block_029_frame_000.png	5da96390a3848f0b17f9a8e0c61561c2b9f480433df74c853110959dd788b70c
PIC3.DAX:029:001	PIC3.DAX	3	29	1	88	88	0	0	1:1	True	2	PIC3.DAX:029	4	normal_picture_until_panel_replace	PIC3_block_029_frame_001.png	approved	verified	integrated	integrated/PIC3_block_029_frame_001.png	0f268e6fef6b846ecf9e25e5be088fcf4df56f6773b883216d072224ba517cc5
PIC3.DAX:029:002	PIC3.DAX	3	29	2	88	88	0	0	1:1	True	2	PIC3.DAX:029	4	normal_picture_until_panel_replace	PIC3_block_029_frame_002.png	approved	verified	integrated	integrated/PIC3_block_029_frame_002.png	bffc0a16a5378f94b5a631bfe92a6caf9d6572acc6988a6e608e5939e5638636
PIC3.DAX:029:003	PIC3.DAX	3	29	3	88	88	0	0	1:1	True	2	PIC3.DAX:029	4	normal_picture_until_panel_replace	PIC3_block_029_frame_003.png	approved	verified	integrated	integrated/PIC3_block_029_frame_003.png	424efff8f4b6e242a422a9ca64ca901e5d10a461d3abf32cfd51dd10fbb71fd6
PIC3.DAX:030:000	PIC3.DAX	3	30	0	88	88	0	0	1:1	False	0	PIC3.DAX:030	1	normal_picture_until_panel_replace	PIC3_block_030_frame_000.png	missing	pending	missing		
PIC4.DAX:001:000	PIC4.DAX	4	1	0	88	88	0	0	1:1	False	0	PIC4.DAX:001	1	normal_picture_until_panel_replace	PIC4_block_001_frame_000.png	approved	verified	integrated	integrated/PIC4_block_001_frame_000.png	8050a92e170319607694b89187e8366fb61cfff6c25b43d96eb39bc5a72e73c3
PIC4.DAX:009:000	PIC4.DAX	4	9	0	88	88	0	0	1:1	True	2	PIC4.DAX:009	5	normal_picture_until_panel_replace	PIC4_block_009_frame_000.png	approved	verified	integrated	integrated/PIC4_block_009_frame_000.png	617c74c37211a48ba36d5dcd4dd7739ccd65694f664ae187ec71828c4df7d2d0
PIC4.DAX:009:001	PIC4.DAX	4	9	1	88	88	0	0	1:1	True	2	PIC4.DAX:009	5	normal_picture_until_panel_replace	PIC4_block_009_frame_001.png	approved	verified	integrated	integrated/PIC4_block_009_frame_001.png	94a809ddbe22fd908bd286bac5dd30cbf34e40974190c50cbbf9a927f435d52d
PIC4.DAX:009:002	PIC4.DAX	4	9	2	88	88	0	0	1:1	True	2	PIC4.DAX:009	5	normal_picture_until_panel_replace	PIC4_block_009_frame_002.png	approved	verified	integrated	integrated/PIC4_block_009_frame_002.png	905441faa1258e8617f46af1df6a07f3f0e82102c6ab2b30d9c924bf448f66a7
PIC4.DAX:009:003	PIC4.DAX	4	9	3	88	88	0	0	1:1	True	2	PIC4.DAX:009	5	normal_picture_until_panel_replace	PIC4_block_009_frame_003.png	approved	verified	integrated	integrated/PIC4_block_009_frame_003.png	4c0164c8f3c9e23c55f512425768e23bf5515d4d6d1a33a623b78a3693cda757
PIC4.DAX:009:004	PIC4.DAX	4	9	4	88	88	0	0	1:1	True	2	PIC4.DAX:009	5	normal_picture_until_panel_replace	PIC4_block_009_frame_004.png	approved	verified	integrated	integrated/PIC4_block_009_frame_004.png	b37ce3d988200c65f3c438cc0a742233b154f7a2e43cc2213009852ab3dd014e
PIC4.DAX:029:000	PIC4.DAX	4	29	0	88	88	0	0	1:1	True	2	PIC4.DAX:029	4	normal_picture_until_panel_replace	PIC4_block_029_frame_000.png	approved	verified	integrated	integrated/PIC4_block_029_frame_000.png	5da96390a3848f0b17f9a8e0c61561c2b9f480433df74c853110959dd788b70c
PIC4.DAX:029:001	PIC4.DAX	4	29	1	88	88	0	0	1:1	True	2	PIC4.DAX:029	4	normal_picture_until_panel_replace	PIC4_block_029_frame_001.png	approved	verified	integrated	integrated/PIC4_block_029_frame_001.png	0f268e6fef6b846ecf9e25e5be088fcf4df56f6773b883216d072224ba517cc5
PIC4.DAX:029:002	PIC4.DAX	4	29	2	88	88	0	0	1:1	True	2	PIC4.DAX:029	4	normal_picture_until_panel_replace	PIC4_block_029_frame_002.png	approved	verified	integrated	integrated/PIC4_block_029_frame_002.png	bffc0a16a5378f94b5a631bfe92a6caf9d6572acc6988a6e608e5939e5638636
PIC4.DAX:029:003	PIC4.DAX	4	29	3	88	88	0	0	1:1	True	2	PIC4.DAX:029	4	normal_picture_until_panel_replace	PIC4_block_029_frame_003.png	approved	verified	integrated	integrated/PIC4_block_029_frame_003.png	424efff8f4b6e242a422a9ca64ca901e5d10a461d3abf32cfd51dd10fbb71fd6
PIC4.DAX:033:000	PIC4.DAX	4	33	0	88	88	0	0	1:1	False	0	PIC4.DAX:033	1	normal_picture_until_panel_replace	PIC4_block_033_frame_000.png	missing	pending	missing		
PIC4.DAX:035:000	PIC4.DAX	4	35	0	88	88	0	0	1:1	True	1	PIC4.DAX:035	3	normal_picture_until_panel_replace	PIC4_block_035_frame_000.png	missing	pending	missing		
PIC4.DAX:035:001	PIC4.DAX	4	35	1	88	88	0	0	1:1	True	2	PIC4.DAX:035	3	normal_picture_until_panel_replace	PIC4_block_035_frame_001.png	missing	pending	missing		
PIC4.DAX:035:002	PIC4.DAX	4	35	2	88	88	0	0	1:1	True	5	PIC4.DAX:035	3	normal_picture_until_panel_replace	PIC4_block_035_frame_002.png	missing	pending	missing		
PIC4.DAX:037:000	PIC4.DAX	4	37	0	88	88	0	0	1:1	False	0	PIC4.DAX:037	1	normal_picture_until_panel_replace	PIC4_block_037_frame_000.png	missing	pending	missing		
PIC4.DAX:038:000	PIC4.DAX	4	38	0	88	88	0	0	1:1	False	0	PIC4.DAX:038	1	normal_picture_until_panel_replace	PIC4_block_038_frame_000.png	missing	pending	missing		
PIC4.DAX:039:000	PIC4.DAX	4	39	0	88	88	0	0	1:1	True	2	PIC4.DAX:039	4	normal_picture_until_panel_replace	PIC4_block_039_frame_000.png	approved	verified	integrated	integrated/PIC4_block_039_frame_000.png	21da6c2a6c8e8e70bc9c55fe433d29e35962d45d928e50727c30d305a2d766c4
PIC4.DAX:039:001	PIC4.DAX	4	39	1	88	88	0	0	1:1	True	2	PIC4.DAX:039	4	normal_picture_until_panel_replace	PIC4_block_039_frame_001.png	approved	verified	integrated	integrated/PIC4_block_039_frame_001.png	c819bdc6cb8ec30e10bee2d918110c0f4e8bd746d7c311c47a991a03ecd717bb
PIC4.DAX:039:002	PIC4.DAX	4	39	2	88	88	0	0	1:1	True	4	PIC4.DAX:039	4	normal_picture_until_panel_replace	PIC4_block_039_frame_002.png	approved	verified	integrated	integrated/PIC4_block_039_frame_002.png	fe32c70d18f18e518b012bc7f4fff65e0050bf2051224a5231e27aa2c243a9ef
PIC4.DAX:039:003	PIC4.DAX	4	39	3	88	88	0	0	1:1	True	4	PIC4.DAX:039	4	normal_picture_until_panel_replace	PIC4_block_039_frame_003.png	approved	verified	integrated	integrated/PIC4_block_039_frame_003.png	21da6c2a6c8e8e70bc9c55fe433d29e35962d45d928e50727c30d305a2d766c4
PIC4.DAX:040:000	PIC4.DAX	4	40	0	88	88	0	0	1:1	True	3	PIC4.DAX:040	4	normal_picture_until_panel_replace	PIC4_block_040_frame_000.png	approved	verified	integrated	integrated/PIC4_block_040_frame_000.png	6281de8f45344c5ca91980accc0420db3d956531b1be617b5fc2a485b9e30b21
PIC4.DAX:040:001	PIC4.DAX	4	40	1	88	88	0	0	1:1	True	2	PIC4.DAX:040	4	normal_picture_until_panel_replace	PIC4_block_040_frame_001.png	approved	verified	integrated	integrated/PIC4_block_040_frame_001.png	39183c161438bb44ee079fdf9ee7528476b9941820289068c08c71e2a657966a
PIC4.DAX:040:002	PIC4.DAX	4	40	2	88	88	0	0	1:1	True	3	PIC4.DAX:040	4	normal_picture_until_panel_replace	PIC4_block_040_frame_002.png	approved	verified	integrated	integrated/PIC4_block_040_frame_002.png	dd6d4e2baf82de85e9d225eda2ee9c5b01dcdad25fdda25e5a22cf43544adfa0
PIC4.DAX:040:003	PIC4.DAX	4	40	3	88	88	0	0	1:1	True	2	PIC4.DAX:040	4	normal_picture_until_panel_replace	PIC4_block_040_frame_003.png	approved	verified	integrated	integrated/PIC4_block_040_frame_003.png	28a56e054e5663c5dbab9234570ba8e4fade6599e6d0e09eb64eb3feedb133e8
PIC4.DAX:041:000	PIC4.DAX	4	41	0	88	88	0	0	1:1	True	15	PIC4.DAX:041	2	normal_picture_until_panel_replace	PIC4_block_041_frame_000.png	approved	verified	integrated	integrated/PIC4_block_041_frame_000.png	b55659b8f5cc4ed32789467206abf80d8b254db4764a8fd46552aeab0a83c006
PIC4.DAX:041:001	PIC4.DAX	4	41	1	88	88	0	0	1:1	True	8	PIC4.DAX:041	2	normal_picture_until_panel_replace	PIC4_block_041_frame_001.png	approved	verified	integrated	integrated/PIC4_block_041_frame_001.png	9408d1d11d8f2cba8c2b34c5c4920944babbe4992ca4f01a225cf2a3a05695ad
PIC4.DAX:049:000	PIC4.DAX	4	49	0	88	88	0	0	1:1	True	2	PIC4.DAX:049	8	normal_picture_until_panel_replace	PIC4_block_049_frame_000.png	approved	verified	integrated	integrated/PIC4_block_049_frame_000.png	6de1466343b34e746293c462f9fff331aa82852c008a117c8459b846408e2419
PIC4.DAX:049:001	PIC4.DAX	4	49	1	88	88	0	0	1:1	True	2	PIC4.DAX:049	8	normal_picture_until_panel_replace	PIC4_block_049_frame_001.png	approved	verified	integrated	integrated/PIC4_block_049_frame_001.png	c92774d3e8dbbff0aaf254310f89fdd5d86798379f1ab542bf80970913929f4f
PIC4.DAX:049:002	PIC4.DAX	4	49	2	88	88	0	0	1:1	True	2	PIC4.DAX:049	8	normal_picture_until_panel_replace	PIC4_block_049_frame_002.png	approved	verified	integrated	integrated/PIC4_block_049_frame_002.png	b874bd7bb8443f43982d52827567fe36545b2de6a984fbfffc3b5e0a3d66f2e2
PIC4.DAX:049:003	PIC4.DAX	4	49	3	88	88	0	0	1:1	True	4	PIC4.DAX:049	8	normal_picture_until_panel_replace	PIC4_block_049_frame_003.png	approved	verified	integrated	integrated/PIC4_block_049_frame_003.png	932c0957aa072ba22e8d5d4f82d455edb056f782a083f122ad63f0e096295060
PIC4.DAX:049:004	PIC4.DAX	4	49	4	88	88	0	0	1:1	True	1	PIC4.DAX:049	8	normal_picture_until_panel_replace	PIC4_block_049_frame_004.png	approved	verified	integrated	integrated/PIC4_block_049_frame_004.png	0d135179911ef7c2a1950ee6b6fa64516b632619e77ea8582ab87816b8f5376d
PIC4.DAX:049:005	PIC4.DAX	4	49	5	88	88	0	0	1:1	True	1	PIC4.DAX:049	8	normal_picture_until_panel_replace	PIC4_block_049_frame_005.png	approved	verified	integrated	integrated/PIC4_block_049_frame_005.png	b874bd7bb8443f43982d52827567fe36545b2de6a984fbfffc3b5e0a3d66f2e2
PIC4.DAX:049:006	PIC4.DAX	4	49	6	88	88	0	0	1:1	True	2	PIC4.DAX:049	8	normal_picture_until_panel_replace	PIC4_block_049_frame_006.png	approved	verified	integrated	integrated/PIC4_block_049_frame_006.png	c92774d3e8dbbff0aaf254310f89fdd5d86798379f1ab542bf80970913929f4f
PIC4.DAX:049:007	PIC4.DAX	4	49	7	88	88	0	0	1:1	True	2	PIC4.DAX:049	8	normal_picture_until_panel_replace	PIC4_block_049_frame_007.png	approved	verified	integrated	integrated/PIC4_block_049_frame_007.png	977273fcc9ce074ed401836056a06c977c61be920c82b2f9b5d0cde3a29b00e1
PIC4.DAX:067:000	PIC4.DAX	4	67	0	88	88	0	0	1:1	True	3	PIC4.DAX:067	3	normal_picture_until_panel_replace	PIC4_block_067_frame_000.png	approved	verified	integrated	integrated/PIC4_block_067_frame_000.png	f61b9727f4f28505fe67b71e476fab41dba8175e9657b256aa8016dde9ac0301
PIC4.DAX:067:001	PIC4.DAX	4	67	1	88	88	0	0	1:1	True	3	PIC4.DAX:067	3	normal_picture_until_panel_replace	PIC4_block_067_frame_001.png	approved	verified	integrated	integrated/PIC4_block_067_frame_001.png	ba94e55054c4c4744e430f2df63e4c34c0bff459cc5dbe41a64eaf159f27639f
PIC4.DAX:067:002	PIC4.DAX	4	67	2	88	88	0	0	1:1	True	3	PIC4.DAX:067	3	normal_picture_until_panel_replace	PIC4_block_067_frame_002.png	approved	verified	integrated	integrated/PIC4_block_067_frame_002.png	fb136a7d8e6afb07784a3a25ed289cc4e086439f219fbd5104cc3f7eafb8245e
PIC5.DAX:001:000	PIC5.DAX	5	1	0	88	88	0	0	1:1	False	0	PIC5.DAX:001	1	normal_picture_until_panel_replace	PIC5_block_001_frame_000.png	approved	verified	integrated	integrated/PIC5_block_001_frame_000.png	8050a92e170319607694b89187e8366fb61cfff6c25b43d96eb39bc5a72e73c3
PIC5.DAX:029:000	PIC5.DAX	5	29	0	88	88	0	0	1:1	True	2	PIC5.DAX:029	4	normal_picture_until_panel_replace	PIC5_block_029_frame_000.png	approved	verified	integrated	integrated/PIC5_block_029_frame_000.png	5da96390a3848f0b17f9a8e0c61561c2b9f480433df74c853110959dd788b70c
PIC5.DAX:029:001	PIC5.DAX	5	29	1	88	88	0	0	1:1	True	2	PIC5.DAX:029	4	normal_picture_until_panel_replace	PIC5_block_029_frame_001.png	approved	verified	integrated	integrated/PIC5_block_029_frame_001.png	0f268e6fef6b846ecf9e25e5be088fcf4df56f6773b883216d072224ba517cc5
PIC5.DAX:029:002	PIC5.DAX	5	29	2	88	88	0	0	1:1	True	2	PIC5.DAX:029	4	normal_picture_until_panel_replace	PIC5_block_029_frame_002.png	approved	verified	integrated	integrated/PIC5_block_029_frame_002.png	bffc0a16a5378f94b5a631bfe92a6caf9d6572acc6988a6e608e5939e5638636
PIC5.DAX:029:003	PIC5.DAX	5	29	3	88	88	0	0	1:1	True	2	PIC5.DAX:029	4	normal_picture_until_panel_replace	PIC5_block_029_frame_003.png	approved	verified	integrated	integrated/PIC5_block_029_frame_003.png	424efff8f4b6e242a422a9ca64ca901e5d10a461d3abf32cfd51dd10fbb71fd6
PIC5.DAX:051:000	PIC5.DAX	5	51	0	88	88	0	0	1:1	False	0	PIC5.DAX:051	1	normal_picture_until_panel_replace	PIC5_block_051_frame_000.png	missing	pending	missing		
PIC5.DAX:052:000	PIC5.DAX	5	52	0	88	88	0	0	1:1	True	2	PIC5.DAX:052	3	normal_picture_until_panel_replace	PIC5_block_052_frame_000.png	missing	pending	missing		
PIC5.DAX:052:001	PIC5.DAX	5	52	1	88	88	0	0	1:1	True	2	PIC5.DAX:052	3	normal_picture_until_panel_replace	PIC5_block_052_frame_001.png	missing	pending	missing		
PIC5.DAX:052:002	PIC5.DAX	5	52	2	88	88	0	0	1:1	True	2	PIC5.DAX:052	3	normal_picture_until_panel_replace	PIC5_block_052_frame_002.png	missing	pending	missing		
PIC5.DAX:053:000	PIC5.DAX	5	53	0	88	88	0	0	1:1	False	0	PIC5.DAX:053	1	normal_picture_until_panel_replace	PIC5_block_053_frame_000.png	missing	pending	missing		
PIC5.DAX:054:000	PIC5.DAX	5	54	0	88	88	0	0	1:1	True	3	PIC5.DAX:054	5	normal_picture_until_panel_replace	PIC5_block_054_frame_000.png	missing	pending	missing		
PIC5.DAX:054:001	PIC5.DAX	5	54	1	88	88	0	0	1:1	True	3	PIC5.DAX:054	5	normal_picture_until_panel_replace	PIC5_block_054_frame_001.png	missing	pending	missing		
PIC5.DAX:054:002	PIC5.DAX	5	54	2	88	88	0	0	1:1	True	6	PIC5.DAX:054	5	normal_picture_until_panel_replace	PIC5_block_054_frame_002.png	missing	pending	missing		
PIC5.DAX:054:003	PIC5.DAX	5	54	3	88	88	0	0	1:1	True	2	PIC5.DAX:054	5	normal_picture_until_panel_replace	PIC5_block_054_frame_003.png	missing	pending	missing		
PIC5.DAX:054:004	PIC5.DAX	5	54	4	88	88	0	0	1:1	True	8	PIC5.DAX:054	5	normal_picture_until_panel_replace	PIC5_block_054_frame_004.png	missing	pending	missing		
PIC5.DAX:055:000	PIC5.DAX	5	55	0	88	88	0	0	1:1	False	0	PIC5.DAX:055	1	normal_picture_until_panel_replace	PIC5_block_055_frame_000.png	missing	pending	missing		
PIC5.DAX:057:000	PIC5.DAX	5	57	0	88	88	0	0	1:1	True	0	PIC5.DAX:057	4	normal_picture_until_panel_replace	PIC5_block_057_frame_000.png	missing	pending	missing		
PIC5.DAX:057:001	PIC5.DAX	5	57	1	88	88	0	0	1:1	True	6	PIC5.DAX:057	4	normal_picture_until_panel_replace	PIC5_block_057_frame_001.png	missing	pending	missing		
PIC5.DAX:057:002	PIC5.DAX	5	57	2	88	88	0	0	1:1	True	2	PIC5.DAX:057	4	normal_picture_until_panel_replace	PIC5_block_057_frame_002.png	missing	pending	missing		
PIC5.DAX:057:003	PIC5.DAX	5	57	3	88	88	0	0	1:1	True	10	PIC5.DAX:057	4	normal_picture_until_panel_replace	PIC5_block_057_frame_003.png	missing	pending	missing		
PIC5.DAX:060:000	PIC5.DAX	5	60	0	88	88	0	0	1:1	False	0	PIC5.DAX:060	1	normal_picture_until_panel_replace	PIC5_block_060_frame_000.png	missing	pending	missing		
PIC6.DAX:001:000	PIC6.DAX	6	1	0	88	88	0	0	1:1	False	0	PIC6.DAX:001	1	normal_picture_until_panel_replace	PIC6_block_001_frame_000.png	approved	verified	integrated	integrated/PIC6_block_001_frame_000.png	8050a92e170319607694b89187e8366fb61cfff6c25b43d96eb39bc5a72e73c3
PIC6.DAX:029:000	PIC6.DAX	6	29	0	88	88	0	0	1:1	True	2	PIC6.DAX:029	4	normal_picture_until_panel_replace	PIC6_block_029_frame_000.png	approved	verified	integrated	integrated/PIC6_block_029_frame_000.png	5da96390a3848f0b17f9a8e0c61561c2b9f480433df74c853110959dd788b70c
PIC6.DAX:029:001	PIC6.DAX	6	29	1	88	88	0	0	1:1	True	2	PIC6.DAX:029	4	normal_picture_until_panel_replace	PIC6_block_029_frame_001.png	approved	verified	integrated	integrated/PIC6_block_029_frame_001.png	0f268e6fef6b846ecf9e25e5be088fcf4df56f6773b883216d072224ba517cc5
PIC6.DAX:029:002	PIC6.DAX	6	29	2	88	88	0	0	1:1	True	2	PIC6.DAX:029	4	normal_picture_until_panel_replace	PIC6_block_029_frame_002.png	approved	verified	integrated	integrated/PIC6_block_029_frame_002.png	bffc0a16a5378f94b5a631bfe92a6caf9d6572acc6988a6e608e5939e5638636
PIC6.DAX:029:003	PIC6.DAX	6	29	3	88	88	0	0	1:1	True	2	PIC6.DAX:029	4	normal_picture_until_panel_replace	PIC6_block_029_frame_003.png	approved	verified	integrated	integrated/PIC6_block_029_frame_003.png	424efff8f4b6e242a422a9ca64ca901e5d10a461d3abf32cfd51dd10fbb71fd6
PIC6.DAX:064:000	PIC6.DAX	6	64	0	88	88	0	0	1:1	True	15	PIC6.DAX:064	8	normal_picture_until_panel_replace	PIC6_block_064_frame_000.png	missing	pending	missing		
PIC6.DAX:064:001	PIC6.DAX	6	64	1	88	88	0	0	1:1	True	2	PIC6.DAX:064	8	normal_picture_until_panel_replace	PIC6_block_064_frame_001.png	missing	pending	missing		
PIC6.DAX:064:002	PIC6.DAX	6	64	2	88	88	0	0	1:1	True	2	PIC6.DAX:064	8	normal_picture_until_panel_replace	PIC6_block_064_frame_002.png	missing	pending	missing		
PIC6.DAX:064:003	PIC6.DAX	6	64	3	88	88	0	0	1:1	True	1	PIC6.DAX:064	8	normal_picture_until_panel_replace	PIC6_block_064_frame_003.png	missing	pending	missing		
PIC6.DAX:064:004	PIC6.DAX	6	64	4	88	88	0	0	1:1	True	6	PIC6.DAX:064	8	normal_picture_until_panel_replace	PIC6_block_064_frame_004.png	missing	pending	missing		
PIC6.DAX:064:005	PIC6.DAX	6	64	5	88	88	0	0	1:1	True	0	PIC6.DAX:064	8	normal_picture_until_panel_replace	PIC6_block_064_frame_005.png	missing	pending	missing		
PIC6.DAX:064:006	PIC6.DAX	6	64	6	88	88	0	0	1:1	True	0	PIC6.DAX:064	8	normal_picture_until_panel_replace	PIC6_block_064_frame_006.png	missing	pending	missing		
PIC6.DAX:064:007	PIC6.DAX	6	64	7	88	88	0	0	1:1	True	0	PIC6.DAX:064	8	normal_picture_until_panel_replace	PIC6_block_064_frame_007.png	missing	pending	missing		
PIC6.DAX:065:000	PIC6.DAX	6	65	0	88	88	0	0	1:1	True	2	PIC6.DAX:065	5	normal_picture_until_panel_replace	PIC6_block_065_frame_000.png	missing	pending	missing		
PIC6.DAX:065:001	PIC6.DAX	6	65	1	88	88	0	0	1:1	True	2	PIC6.DAX:065	5	normal_picture_until_panel_replace	PIC6_block_065_frame_001.png	missing	pending	missing		
PIC6.DAX:065:002	PIC6.DAX	6	65	2	88	88	0	0	1:1	True	2	PIC6.DAX:065	5	normal_picture_until_panel_replace	PIC6_block_065_frame_002.png	missing	pending	missing		
PIC6.DAX:065:003	PIC6.DAX	6	65	3	88	88	0	0	1:1	True	2	PIC6.DAX:065	5	normal_picture_until_panel_replace	PIC6_block_065_frame_003.png	missing	pending	missing		
PIC6.DAX:065:004	PIC6.DAX	6	65	4	88	88	0	0	1:1	True	2	PIC6.DAX:065	5	normal_picture_until_panel_replace	PIC6_block_065_frame_004.png	missing	pending	missing		
PIC6.DAX:067:000	PIC6.DAX	6	67	0	88	88	0	0	1:1	True	3	PIC6.DAX:067	3	normal_picture_until_panel_replace	PIC6_block_067_frame_000.png	missing	pending	missing		
PIC6.DAX:067:001	PIC6.DAX	6	67	1	88	88	0	0	1:1	True	3	PIC6.DAX:067	3	normal_picture_until_panel_replace	PIC6_block_067_frame_001.png	missing	pending	missing		
PIC6.DAX:067:002	PIC6.DAX	6	67	2	88	88	0	0	1:1	True	3	PIC6.DAX:067	3	normal_picture_until_panel_replace	PIC6_block_067_frame_002.png	missing	pending	missing		
PIC6.DAX:068:000	PIC6.DAX	6	68	0	88	88	0	0	1:1	False	0	PIC6.DAX:068	1	normal_picture_until_panel_replace	PIC6_block_068_frame_000.png	missing	pending	missing		
PIC6.DAX:069:000	PIC6.DAX	6	69	0	88	88	0	0	1:1	True	5	PIC6.DAX:069	4	normal_picture_until_panel_replace	PIC6_block_069_frame_000.png	missing	pending	missing		
PIC6.DAX:069:001	PIC6.DAX	6	69	1	88	88	0	0	1:1	True	2	PIC6.DAX:069	4	normal_picture_until_panel_replace	PIC6_block_069_frame_001.png	missing	pending	missing		
PIC6.DAX:069:002	PIC6.DAX	6	69	2	88	88	0	0	1:1	True	4	PIC6.DAX:069	4	normal_picture_until_panel_replace	PIC6_block_069_frame_002.png	missing	pending	missing		
PIC6.DAX:069:003	PIC6.DAX	6	69	3	88	88	0	0	1:1	True	1	PIC6.DAX:069	4	normal_picture_until_panel_replace	PIC6_block_069_frame_003.png	missing	pending	missing		
PIC6.DAX:071:000	PIC6.DAX	6	71	0	88	88	0	0	1:1	True	1	PIC6.DAX:071	4	normal_picture_until_panel_replace	PIC6_block_071_frame_000.png	missing	pending	missing		
PIC6.DAX:071:001	PIC6.DAX	6	71	1	88	88	0	0	1:1	True	1	PIC6.DAX:071	4	normal_picture_until_panel_replace	PIC6_block_071_frame_001.png	missing	pending	missing		
PIC6.DAX:071:002	PIC6.DAX	6	71	2	88	88	0	0	1:1	True	2	PIC6.DAX:071	4	normal_picture_until_panel_replace	PIC6_block_071_frame_002.png	missing	pending	missing		
PIC6.DAX:071:003	PIC6.DAX	6	71	3	88	88	0	0	1:1	True	15	PIC6.DAX:071	4	normal_picture_until_panel_replace	PIC6_block_071_frame_003.png	missing	pending	missing		
PIC6.DAX:072:000	PIC6.DAX	6	72	0	88	88	0	0	1:1	False	0	PIC6.DAX:072	1	normal_picture_until_panel_replace	PIC6_block_072_frame_000.png	missing	pending	missing		
PIC6.DAX:073:000	PIC6.DAX	6	73	0	88	88	0	0	1:1	False	0	PIC6.DAX:073	1	normal_picture_until_panel_replace	PIC6_block_073_frame_000.png	missing	pending	missing		
PIC6.DAX:074:000	PIC6.DAX	6	74	0	88	88	0	0	1:1	True	5	PIC6.DAX:074	7	normal_picture_until_panel_replace	PIC6_block_074_frame_000.png	missing	pending	missing		
PIC6.DAX:074:001	PIC6.DAX	6	74	1	88	88	0	0	1:1	True	3	PIC6.DAX:074	7	normal_picture_until_panel_replace	PIC6_block_074_frame_001.png	missing	pending	missing		
PIC6.DAX:074:002	PIC6.DAX	6	74	2	88	88	0	0	1:1	True	3	PIC6.DAX:074	7	normal_picture_until_panel_replace	PIC6_block_074_frame_002.png	missing	pending	missing		
PIC6.DAX:074:003	PIC6.DAX	6	74	3	88	88	0	0	1:1	True	2	PIC6.DAX:074	7	normal_picture_until_panel_replace	PIC6_block_074_frame_003.png	missing	pending	missing		
PIC6.DAX:074:004	PIC6.DAX	6	74	4	88	88	0	0	1:1	True	3	PIC6.DAX:074	7	normal_picture_until_panel_replace	PIC6_block_074_frame_004.png	missing	pending	missing		
PIC6.DAX:074:005	PIC6.DAX	6	74	5	88	88	0	0	1:1	True	3	PIC6.DAX:074	7	normal_picture_until_panel_replace	PIC6_block_074_frame_005.png	missing	pending	missing		
PIC6.DAX:074:006	PIC6.DAX	6	74	6	88	88	0	0	1:1	True	10	PIC6.DAX:074	7	normal_picture_until_panel_replace	PIC6_block_074_frame_006.png	missing	pending	missing		
PIC6.DAX:075:000	PIC6.DAX	6	75	0	88	88	0	0	1:1	True	3	PIC6.DAX:075	5	normal_picture_until_panel_replace	PIC6_block_075_frame_000.png	missing	pending	missing		
PIC6.DAX:075:001	PIC6.DAX	6	75	1	88	88	0	0	1:1	True	3	PIC6.DAX:075	5	normal_picture_until_panel_replace	PIC6_block_075_frame_001.png	missing	pending	missing		
PIC6.DAX:075:002	PIC6.DAX	6	75	2	88	88	0	0	1:1	True	3	PIC6.DAX:075	5	normal_picture_until_panel_replace	PIC6_block_075_frame_002.png	missing	pending	missing		
PIC6.DAX:075:003	PIC6.DAX	6	75	3	88	88	0	0	1:1	True	0	PIC6.DAX:075	5	normal_picture_until_panel_replace	PIC6_block_075_frame_003.png	missing	pending	missing		
PIC6.DAX:075:004	PIC6.DAX	6	75	4	88	88	0	0	1:1	True	15	PIC6.DAX:075	5	normal_picture_until_panel_replace	PIC6_block_075_frame_004.png	missing	pending	missing		
PIC6.DAX:076:000	PIC6.DAX	6	76	0	88	88	0	0	1:1	True	2	PIC6.DAX:076	3	normal_picture_until_panel_replace	PIC6_block_076_frame_000.png	missing	pending	missing		
PIC6.DAX:076:001	PIC6.DAX	6	76	1	88	88	0	0	1:1	True	2	PIC6.DAX:076	3	normal_picture_until_panel_replace	PIC6_block_076_frame_001.png	missing	pending	missing		
PIC6.DAX:076:002	PIC6.DAX	6	76	2	88	88	0	0	1:1	True	2	PIC6.DAX:076	3	normal_picture_until_panel_replace	PIC6_block_076_frame_002.png	missing	pending	missing		
PIC6.DAX:077:000	PIC6.DAX	6	77	0	88	88	0	0	1:1	False	0	PIC6.DAX:077	1	normal_picture_until_panel_replace	PIC6_block_077_frame_000.png	missing	pending	missing		
TITLE.DAX:001:000	TITLE.DAX		1	0	320	200	0	0	8:5	False		TITLE.DAX:001	1	title_sequence	TITLE_block_001_frame_000.png	approved	verified	integrated	integrated/TITLE_block_001_frame_000.png	5eac3adf67dbba77023c296091a85b50b13de8f6d3997030c53894617110fdd4
TITLE.DAX:002:000	TITLE.DAX		2	0	320	200	0	0	8:5	False		TITLE.DAX:002	1	title_sequence	TITLE_block_002_frame_000.png	approved	verified	integrated	integrated/TITLE_block_002_frame_000.png	e4ed39fc465509dc1479fb077ca74151b187807aba8a94e66cef6e85687c40ff
TITLE.DAX:003:000	TITLE.DAX		3	0	240	112	0	0	15:7	False		TITLE.DAX:003	1	title_sequence	TITLE_block_003_frame_000.png	approved	verified	integrated	integrated/TITLE_block_003_frame_000.png	e8f2f73293779324e5ad097a9c8d7f51c8ae4009cf660de8bc643bf8e217c7ab
TITLE.DAX:004:000	TITLE.DAX		4	0	320	112	0	0	20:7	False		TITLE.DAX:004	1	title_sequence	TITLE_block_004_frame_000.png	approved	verified	integrated	integrated/TITLE_block_004_frame_000.png	347d2d66402e1f9968f53bdd7abc400aca71190f9cbb9fc05ed0545faefccf8b
